Geo ID,City,Total Growth,Population 2017
12420,"Austin-Round Rock, TX Metro Area",22.47948619,2115827
39580,"Raleigh, NC Metro Area",17.38062394,1335079
36740,"Orlando-Kissimmee-Sanford, FL Metro Area",17.31926592,2509831
26420,"Houston-The Woodlands-Sugar Land, TX Metro Area",15.88937991,6892427
41700,"San Antonio-New Braunfels, TX Metro Area",14.9103026,2473974
19100,"Dallas-Fort Worth-Arlington, TX Metro Area",14.69084832,7399662
16740,"Charlotte-Concord-Gastonia, NC-SC Metro Area",13.58895032,2525305
34980,"Nashville-Davidson--Murfreesboro--Franklin, TN Metro Area",13.56330303,1903045
19740,"Denver-Aurora-Lakewood, CO Metro Area",13.06874924,2888227
29820,"Las Vegas-Henderson-Paradise, NV Metro Area",12.95618,2204079
41980,"San Juan-Carolina-Caguas, PR Metro Area",-10.0469484,2112005
38300,"Pittsburgh, PA Metro Area",-1.00195886,2333367
17460,"Cleveland-Elyria, OH Metro Area",-0.805229632,2058844
25540,"Hartford-West Hartford-East Hartford, CT Metro Area",-0.336313546,1210259
40380,"Rochester, NY Metro Area",-0.21586996,1077948
15380,"Buffalo-Cheektowaga-Niagara Falls, NY Metro Area",0.100906041,1136856
19820,"Detroit-Warren-Dearborn, MI Metro Area",0.506025349,4313002
41180,"St. Louis, MO-IL Metro Area",0.626483049,2807338
16980,"Chicago-Naperville-Elgin, IL-IN-WI Metro Area",0.75568,9533040
39300,"Providence-Warwick, RI-MA Metro Area",1.24356,1621122
