Agency,State,2010,2011,2012,2013,2014
Denver Police Dept,CO,564.4,607.3,615.9,630.7,601.5
Hartford Police Dept,CT,1301.5,1311.1,1321.9,1179.1,1104.5
Orlando Police Dept,FL,1080.2,1072.7,1017.4,914.6,901.1
Chicago Police Dept,IL,,,,,
Detroit Police Dept,MI,2377.9,2137.4,2122.9,2071.9,1989.5
Saint Louis County Police Dept.,MO,,,,,
Las Vegas Metropolitan Police Department,NV,874.5,741.4,784,758,841.1
Buffalo Police Dept,NY,1377.3,1238.2,1288.7,1255.5,1227.9
Rochester Police Dept,NY,1058.6,959.3,976,1000.7,849.5
Charlotte-Mecklenburg Police Department,NC,627.4,606.4,647.9,608,589.8
Raleigh Police Dept,NC,430.8,421.5,423.2,392.3,
Cleveland,OH,1393.3,1366.4,1383.8,1485.7,1339.2
Pittsburgh,PA,913.4,802.3,752,734.3,798.1
Providence Police Dept,RI,683,,636.9,628.3,522.3
Nashville-Davidson Metro Police Dept,TN,1124.3,1181.3,1216,1048.8,1125.4
Austin Police Dept,TX,479.5,430.1,408.8,363.5,396.2
Dallas Police Dept,TX,764.8,681.1,675,663.7,664.7
Houston Police Dept,TX,1071.3,974.6,992.5,962.7,991.4
San Antonio Police Dept,TX,635.4,519.3,503.1,630.7,539.3