City,Unemployment Rate 2013,Rank
United States,7.4,
Bismarck,2.8,1
Fargo,3.2,2
Sioux Falls,3.2,2
Ames,3.3,4
Iowa City,3.5,5
Lincoln,3.5,5
Burlington-South Burlington,3.6,7
Grand Island,3.7,8
Midland,3.7,8
Grand Forks,3.8,10
Rapid City,3.9,11
Logan,4,12
Mankato-North Mankato,4,12
Enid,4.1,14
Omaha-Council Bluffs,4.1,14
Rochester,4.2,16
Billings,4.3,17
Manhattan,4.3,17
Odessa,4.3,17
Provo-Orem,4.3,17
Salt Lake City,4.4,21
Urban Honolulu,4.4,21
Casper,4.5,23
Columbia,4.5,23
Dubuque,4.5,23
Amarillo,4.6,26
Des Moines-West Des Moines,4.6,26
Oklahoma City,4.6,26
Sioux City,4.6,26
Ogden-Clearfield,4.7,30
Cheyenne,4.8,31
Lawrence,4.8,31
Minneapolis-St. Paul-Bloomington,4.8,31
Portsmouth,4.8,31
Waterloo-Cedar Falls,4.9,35
Cedar Rapids,5,36
Charlottesville,5,36
Dover-Durham,5,36
Houma-Thibodaux,5,36
Lubbock,5,36
Madison,5,36
Morgantown,5,36
College Station-Bryan,5.1,43
Great Falls,5.1,43
Manchester,5.1,43
St. Cloud,5.1,43
San Angelo,5.1,43
Austin-Round Rock,5.2,48
Ithaca,5.2,48
Kahului-Wailuku-Lahaina,5.2,48
Missoula,5.2,48
La Crosse-Onalaska,5.3,52
State College,5.3,52
Tulsa,5.3,52
Victoria,5.3,52
Abilene,5.4,56
Idaho Falls,5.4,56
Lafayette,5.4,56
Boulder,5.5,59
Fayetteville-Springdale-Rogers,5.5,59
Jefferson City,5.5,59
Lewiston,5.5,59
Portland-South Portland,5.5,59
St. George,5.5,59
Staunton-Waynesboro,5.5,59
Santa Fe,5.6,66
Washington-Arlington-Alexandria,5.6,66
Winchester,5.6,66
Corvallis,5.7,69
Harrisonburg,5.7,69
Ann Arbor,5.8,71
Crestview-Fort Walton Beach-Destin,5.8,71
Fort Collins,5.8,71
Gainesville,5.8,71
Lawton,5.8,71
Pocatello,5.8,71
Roanoke,5.8,71
San Antonio-New Braunfels,5.8,71
Springfield,5.8,71
Topeka,5.8,71
Wichita Falls,5.8,71
Anchorage,5.9,82
Appleton,5.9,82
Auburn-Opelika,5.9,82
Boise City,5.9,82
Fairbanks,5.9,82
Gettysburg,5.9,82
Joplin,5.9,82
Seattle-Tacoma-Bellevue,5.9,82
California-Lexington Park,6,90
Columbus,6,90
Eau Claire,6,90
Houston-The Woodlands-Sugar Land,6,90
Lancaster,6,90
Lexington-Fayette,6,90
St. Joseph,6,90
Wichita,6,90
Boston-Cambridge-Nashua,6.1,98
Dallas-Fort Worth-Arlington,6.1,98
Duluth,6.1,98
Fond du Lac,6.1,98
Laredo,6.1,98
Longview,6.1,98
Richmond,6.1,98
Sheboygan,6.1,98
Bangor,6.2,106
Baton Rouge,6.2,106
Kansas City,6.2,106
Lebanon,6.2,106
Nashville-Davidson--Murfreesboro--Franklin,6.2,106
Waco,6.2,106
Albany-Schenectady-Troy,6.3,112
Birmingham-Hoover,6.3,112
Blacksburg-Christiansburg-Radford,6.3,112
Cape Girardeau,6.3,112
Charleston-North Charleston,6.3,112
Corpus Christi,6.3,112
Danbury,6.3,112
Durham-Chapel Hill,6.3,112
Harrisburg-Carlisle,6.3,112
Huntsville,6.3,112
Lynchburg,6.3,112
Raleigh,6.3,112
Sherman-Denison,6.3,112
Virginia Beach-Norfolk-Newport News,6.3,112
Asheville,6.4,126
Charleston,6.4,126
Grand Rapids-Wyoming,6.4,126
Green Bay,6.4,126
Lake Charles,6.4,126
Little Rock-North Little Rock-Conway,6.4,126
Oshkosh-Neenah,6.4,126
Parkersburg-Vienna,6.4,126
Tallahassee,6.4,126
Columbus,6.5,135
Hilton Head Island-Bluffton-Beaufort,6.5,135
San Francisco-Oakland-Hayward,6.5,135
Tyler,6.5,135
Chambersburg-Waynesboro,6.6,139
Daphne-Fairhope-Foley,6.6,139
Denver-Aurora-Lakewood,6.6,139
Greeley,6.6,139
Hagerstown-Martinsburg,6.6,139
New Orleans-Metairie,6.6,139
San Jose-Sunnyvale-Santa Clara,6.6,139
Bloomington,6.7,146
Columbia,6.7,146
Greenville-Anderson-Mauldin,6.7,146
Lafayette-West Lafayette,6.7,146
Lewiston-Auburn,6.7,146
Phoenix-Mesa-Scottsdale,6.7,146
Wausau,6.7,146
York-Hanover,6.7,146
Albuquerque,6.8,154
Baltimore-Columbia-Towson,6.8,154
Cleveland-Elyria,6.8,154
Farmington,6.8,154
Gainesville,6.8,154
North Port-Sarasota-Bradenton,6.8,154
Pittsburgh,6.8,154
San Luis Obispo-Paso Robles-Arroyo Grande,6.8,154
Tucson,6.8,154
Alexandria,6.9,163
Jonesboro,6.9,163
Napa,6.9,163
Pensacola-Ferry Pass-Brent,6.9,163
Tampa-St. Petersburg-Clearwater,6.9,163
Tuscaloosa,6.9,163
Altoona,7,169
Davenport-Moline-Rock Island,7,169
Dothan,7,169
Evansville,7,169
Jacksonville,7,169
Jacksonville,7,169
Killeen-Temple,7,169
Montgomery,7,169
Orlando-Kissimmee-Sanford,7,169
Owensboro,7,169
Rochester,7,169
Kingston,7.1,180
Miami-Fort Lauderdale-West Palm Beach,7.1,180
Naples-Immokalee-Marco Island,7.1,180
Portland-Vancouver-Hillsboro,7.1,180
Reading,7.1,180
St. Louis,7.1,180
Santa Rosa,7.1,180
Bloomington,7.2,187
Bloomsburg-Berwick,7.2,187
Bremerton-Silverdale,7.2,187
Decatur,7.2,187
Elkhart-Goshen,7.2,187
Jackson,7.2,187
Knoxville,7.2,187
Lansing-East Lansing,7.2,187
Louisville/Jefferson County,7.2,187
Milwaukee-Waukesha-West Allis,7.2,187
Panama City,7.2,187
Santa Maria-Santa Barbara,7.2,187
Walla Walla,7.2,187
Wheeling,7.2,187
Worcester,7.2,187
Bowling Green,7.3,202
Burlington,7.3,202
Cape Coral-Fort Myers,7.3,202
Cincinnati,7.3,202
Coeur d'Alene,7.3,202
Dover,7.3,202
Monroe,7.3,202
Springfield,7.3,202
Texarkana,7.3,202
Trenton,7.3,202
Athens-Clarke County,7.4,212
Bellingham,7.4,212
Champaign-Urbana,7.4,212
Chattanooga,7.4,212
Cleveland,7.4,212
Erie,7.4,212
Fort Wayne,7.4,212
Indianapolis-Carmel-Anderson,7.4,212
Monroe,7.4,212
Bridgeport-Stamford-Norwalk,7.5,221
Florence-Muscle Shoals,7.5,221
Hattiesburg,7.5,221
Huntington-Ashland,7.5,221
Kingsport-Bristol-Bristol,7.5,221
Las Cruces,7.5,221
Shreveport-Bossier City,7.5,221
Springfield,7.5,221
Syracuse,7.5,221
Utica-Rome,7.5,221
Akron,7.6,231
Binghamton,7.6,231
Buffalo-Cheektowaga-Niagara Falls,7.6,231
Canton-Massillon,7.6,231
Gadsden,7.6,231
Hot Springs,7.6,231
Kalamazoo-Portage,7.6,231
Olympia-Tumwater,7.6,231
Pittsfield,7.6,231
Wenatchee,7.6,231
Beckley,7.7,241
Janesville-Beloit,7.7,241
Midland,7.7,241
Philadelphia-Camden-Wilmington,7.7,241
Prescott,7.7,241
Winston-Salem,7.7,241
Allentown-Bethlehem-Easton,7.8,247
Atlanta-Sandy Springs-Roswell,7.8,247
Fort Smith,7.8,247
Glens Falls,7.8,247
Goldsboro,7.8,247
Hartford-West Hartford-East Hartford,7.8,247
Lima,7.8,247
San Diego-Carlsbad,7.8,247
Springfield,7.8,247
Williamsport,7.8,247
Wilmington,7.8,247
Battle Creek,7.9,258
Charlotte-Concord-Gastonia,7.9,258
Colorado Springs,7.9,258
Dayton,7.9,258
El Paso,7.9,258
Elmira,7.9,258
New York-Newark-Jersey City,7.9,258
Oxnard-Thousand Oaks-Ventura,7.9,258
Elizabethtown-Fort Knox,8,266
Eugene,8,266
Gulfport-Biloxi-Pascagoula,8,266
Hammond,8,266
Johnson City,8,266
New Haven,8,266
Punta Gorda,8,266
Savannah,8,266
Spartanburg,8,266
Valdosta,8,266
Warner Robins,8,266
Barnstable Town,8.1,277
Clarksville,8.1,277
Flagstaff,8.1,277
Greenville,8.1,277
Kokomo,8.1,277
Deltona-Daytona Beach-Ormond Beach,8.2,282
Jackson,8.2,282
Lakeland-Winter Haven,8.2,282
Toledo,8.2,282
Cumberland,8.3,286
Jackson,8.3,286
Leominster-Gardner,8.3,286
Palm Bay-Melbourne-Titusville,8.3,286
Racine,8.3,286
Augusta-Richmond County,8.4,291
Hinesville,8.4,291
Salisbury,8.4,291
Spokane-Spokane Valley,8.4,291
Carbondale-Marion,8.5,295
Greensboro-High Point,8.5,295
Memphis,8.5,295
Mobile,8.5,295
Norwich-New London-Westerly,8.5,295
Ocala,8.5,295
Columbus,8.6,301
Florence,8.6,301
Hickory-Lenoir-Morganton,8.6,301
Mansfield,8.6,301
Mount Vernon-Anacortes,8.6,301
Muncie,8.6,301
New Bern,8.6,301
South Bend-Mishawaka,8.6,301
Youngstown-Warren-Boardman,8.6,301
Bay City,8.7,310
Grand Junction,8.7,310
Johnstown,8.7,310
Niles-Benton Harbor,8.7,310
Sacramento--Roseville--Arden-Arcade,8.7,310
Salem,8.7,310
Sumter,8.7,310
Anniston-Oxford-Jacksonville,8.8,317
Brunswick,8.8,317
Myrtle Beach-Conway-North Myrtle Beach,8.9,319
Scranton--Wilkes-Barre--Hazleton,8.9,319
Los Angeles-Long Beach-Anaheim,9,321
Macon-Bibb County,9,321
Peoria,9,321
Port St. Lucie,9,321
Providence-Warwick,9,321
Saginaw,9,321
Chicago-Naperville-Elgin,9.1,327
Kennewick-Richland,9.1,327
Morristown,9.1,327
Vallejo-Fairfield,9.1,327
Sierra Vista-Douglas,9.2,331
Watertown-Fort Drum,9.2,331
Michigan City-La Porte,9.3,333
The Villages,9.3,333
Albany,9.4,335
East Stroudsburg,9.4,335
Terre Haute,9.4,335
Bend-Redmond,9.5,338
Reno,9.5,338
Rome,9.5,338
Sebring,9.5,338
Sebastian-Vero Beach,9.6,342
Weirton-Steubenville,9.6,342
Albany,9.7,344
Detroit-Warren-Dearborn,9.7,344
Fayetteville,9.7,344
Flint,9.7,344
Homosassa Springs,9.7,344
Las Vegas-Henderson-Paradise,9.7,344
Medford,9.7,344
Waterbury,9.7,344
Longview,9.8,352
Pine Bluff,9.8,352
Pueblo,9.8,352
Riverside-San Bernardino-Ontario,9.8,352
Muskegon,9.9,356
Brownsville-Harlingen,10,357
Dalton,10,357
Yakima,10,357
Chico,10.3,360
Kankakee,10.3,360
Lake Havasu City-Kingman,10.3,360
McAllen-Edinburg-Mission,10.3,360
Salinas,10.3,360
Santa Cruz-Watsonville,10.3,360
Beaumont-Port Arthur,10.4,366
Carson City,10.4,366
Rockford,10.4,366
New Bedford,10.5,369
Danville,10.6,370
Grants Pass,11.1,371
Decatur,11.3,372
Rocky Mount,11.3,372
Atlantic City-Hammonton,11.7,374
Bakersfield,11.7,374
Redding,11.8,376
Vineland-Bridgeton,11.8,376
Stockton-Lodi,12.3,378
Madera,12.6,379
Modesto,12.9,380
Fresno,13.3,381
Hanford-Corcoran,13.4,382
Yuba City,14.1,383
Ocean City,14.3,384
Visalia-Porterville,14.4,385
Merced,14.5,386
El Centro,25,387
Yuma,25.5,388
