Zip,City,Total Growth,Population 2017
12420,"Austin-Round Rock, TX Metro Area",22.47948619243471,2115827
39580,"Raleigh, NC Metro Area",17.380623935614164,1335079
36740,"Orlando-Kissimmee-Sanford, FL Metro Area",17.319265915243044,2509831
26420,"Houston-The Woodlands-Sugar Land, TX Metro Area",15.889379914211526,6892427
41700,"San Antonio-New Braunfels, TX Metro Area",14.910302601858557,2473974
19100,"Dallas-Fort Worth-Arlington, TX Metro Area",14.690848321709504,7399662
16740,"Charlotte-Concord-Gastonia, NC-SC Metro Area",13.588950321968913,2525305
34980,"Nashville-Davidson--Murfreesboro--Franklin, TN Metro Area",13.563303032599594,1903045
19740,"Denver-Aurora-Lakewood, CO Metro Area",13.068749243951316,2888227
23104,"Fort Worth-Arlington, TX Metro Division",12.866544209356645,2488538
29820,"Las Vegas-Henderson-Paradise, NV Metro Area",12.861499734242201,2204079
41180,"St. Louis, MO-IL Metro Area",0.6264830493286401,2807338
19820,"Detroit-Warren-Dearborn, MI Metro Area",0.5060253485725844,4313002
15380,"Buffalo-Cheektowaga-Niagara Falls, NY Metro Area",0.10090604115487228,1136856
15804,"Camden, NJ Metro Division",-0.014300551250299593,1251521
40380,"Rochester, NY Metro Area",-0.2158699596400933,1077948
25540,"Hartford-West Hartford-East Hartford, CT Metro Area",-0.3363135456786097,1210259
17460,"Cleveland-Elyria, OH Metro Area",-0.8052296323348384,2058844
38300,"Pittsburgh, PA Metro Area",-1.001958860119059,2333367
41980,"San Juan-Carolina-Caguas, PR Metro Area",-10.04694839679935,2112005
